item_id,a,b
1,9.0,-3.0
2,9.0,-2.7
3,9.0,-2.4
4,9.0,-2.1
5,9.0,-1.8
6,9.0,-1.5
7,9.0,-1.2000000000000002
8,9.0,-0.8999999999999999
9,9.0,-0.6000000000000001
10,9.0,-0.30000000000000027
11,9.0,0.0
12,9.0,0.2999999999999998
13,9.0,0.5999999999999996
14,9.0,0.8999999999999999
15,9.0,1.2000000000000002
16,9.0,1.5
17,9.0,1.7999999999999998
18,9.0,2.0999999999999996
19,9.0,2.3999999999999995
20,9.0,2.7
21,9.0,3.0
