"item_id","a","b","c"
"1",1.34565582026537,-2.50325838757916,0
"2",1.11262096073872,-1.84951202460378,0
"3",1.72496241236781,-1.27633127798582,0
"4",1.21886599907369,-0.768247070067675,0
"5",1.66071189147385,-0.357612922557564,0
"6",3.77921892161285,0.206124759158853,0
"7",4.5592982254634,0.604046891168596,0
"8",4.77378635331492,1.14276726645167,0
"9",2.38753390753739,2.24952934017171,0
