"item_id","a","b","c"
"1",1,-3.90189817535228,0
"2",1,-2.59752075493916,0
"3",1,-2.31896454846437,0
"4",1,-1.17535910799607,0
"5",1,-0.680441133273963,0
"6",1,0.367612530678935,0
"7",1,1.35014960866373,0
"8",1,2.80505362479643,0
"9",1,4.87436595587497,0
