"item_id","a","b","c"
"1",1,-4.7503904011613,0
"2",1,-3.9932542252053,0
"3",1,-1.8811088056839,0
"4",1,-0.363181444302436,0
"5",1,1.35568309160489,0
"6",1,1.8978081719669,0
"7",1,2.9666575650333,0
"8",1,3.22043749392854,0
"9",1,3.49467775942406,0
