"item_id","a","b","c"
"1",0.990615493362893,-3.2129456561619,0
"2",1.67977937150476,-1.87691173569581,0
"3",1.526531463331,-0.787699629050899,0
"4",1.86033117347541,0.0163619902818049,0
"5",3.45034069101107,0.711331877522298,0
"6",3.91885768672707,0.900118642205391,0
"7",5.28984857453374,1.23020531540304,0
"8",43.899149000404,1.22560696667262,0
"9",69.1242228468347,1.37976183415328,0
