"item_id","a","b","c"
"1",1.34560426423706,-2.50336457275407,3.06884058418633e-06
"2",1.11260561688777,-1.84959010412937,5.74625217246155e-07
"3",1.72498399720897,-1.27637860802856,3.79915766413313e-07
"4",1.21885188690553,-0.768317756522822,6.70505155270661e-08
"5",1.66068357786698,-0.357675777146269,3.31980076778261e-08
"6",3.78044614750078,0.206052106338167,1.64428986958315e-08
"7",4.55538077462109,0.604018395673503,8.80390521697786e-09
"8",4.77038893606465,1.14284672222367,5.58445609226973e-09
"9",2.38632532887051,2.24998191882303,5.05880078856571e-09
