"item_id","a","b","c"
"1",1.00926206072464,-3.21983720492064,6.58725354821311e-05
"2",1.70659256802834,-1.90423740113756,1.12440754410247e-05
"3",1.66121464168847,-0.815804982576853,7.92626870788426e-07
"4",2.06912396338631,-0.0618230107058027,1.94148215517242e-07
"5",3.5953847262624,0.585367732992536,6.63221997187707e-08
"6",4.6077714337479,0.748054617036309,5.38018503528096e-08
"7",7.01189028024103,1.02417169705742,4.51075308608153e-08
"8",80.8152689279042,1.05130173745015,2.88796208218317e-08
"9",47.7676329652089,1.17583058193646,2.73778634459972e-08
