"item_id","a","b","c"
"1",1,-6.00701573031264,0
"2",1,-6.58414062377793,0
"3",1,-5.87172569362318,0
"4",1,-3.94033908290097,0
"5",1,-3.64653886419386,0
"6",1,-1.5634896416149,0
"7",1,-1.29013845518377,0
"8",1,0.514727432967617,0
"9",1,1.81998860468492,0
"10",1,2.42415670590762,0
"11",1,2.65878228790182,0
"12",1,2.84675221048097,0
"13",1,2.99346753345755,0
"14",1,3.23877501456641,0
"15",1,11.2998889169823,0
